component,S_s
CS1_IoMT,0.850000
CS2_Edge,0.720000
CS3_EHR,0.780000
CS4_PACS,0.800000
CS5_Ambulance,0.700000
CS6_HCC,0.820000
CS7_MDMS,0.750000